Name,ID,Category,Price,Quantity,ReorderThreshold,LowStock,Discontinued
Black T-Shirt,1,MEN,799.99,25,10,FALSE,FALSE
Blue Jeans,2,WOMEN,1299.5,15,5,FALSE,FALSE
Kids Sneakers,3,KIDS,999,8,3,FALSE,FALSE
Formal Shirt,4,MEN,1499,5,2,FALSE,FALSE
Red Hoodie,5,MEN,1599.99,6,8,TRUE,FALSE
Summer Dress,6,WOMEN,1799,18,7,FALSE,FALSE
Running Shoes,7,KIDS,1299.5,3,5,TRUE,FALSE
Leather Jacket,8,MEN,4999,2,3,TRUE,FALSE
White Blouse,9,WOMEN,999.99,22,10,FALSE,FALSE
Baseball Cap,10,MEN,499,30,15,FALSE,FALSE
Denim Skirt,11,WOMEN,1099.5,5,6,TRUE,FALSE
Sandals,12,KIDS,799,16,6,FALSE,FALSE
Wool Sweater,13,MEN,2499.99,3,4,TRUE,FALSE
Floral Scarf,14,WOMEN,599,19,8,FALSE,FALSE
Kids Jacket,15,KIDS,1699,2,3,TRUE,FALSE
Graphic Tee,16,MEN,699.99,24,10,FALSE,FALSE
Pleated Pants,17,WOMEN,1399.5,13,5,FALSE,FALSE
Sneakers,18,KIDS,1199,10,4,FALSE,FALSE
Raincoat,19,MEN,2999,1,3,TRUE,FALSE
Leather Belt,20,WOMEN,799,21,9,FALSE,FALSE
Beanie Hat,21,KIDS,399,25,10,FALSE,FALSE
Sports Shorts,22,MEN,899.99,23,9,FALSE,FALSE
Maxi Dress,23,WOMEN,1999,17,6,FALSE,FALSE
Flip Flops,24,KIDS,499,7,7,TRUE,FALSE
