Name,ID,Category,Price
SHIRTS,101,MEN,9000
Blue Jeans,2,WOMEN,1299.5
Kids Sneakers,3,KIDS,999
Formal Shirt,4,MEN,1499
Red Hoodie,5,MEN,1599.99
Summer Dress,6,WOMEN,1799
Running Shoes,7,KIDS,1299.5
Leather Jacket,8,MEN,4999
White Blouse,9,WOMEN,999.99
Baseball Cap,10,MEN,499
Denim Skirt,11,WOMEN,1099.5
Sandals,12,KIDS,799
Wool Sweater,13,MEN,2499.99
Floral Scarf,14,WOMEN,599
Kids Jacket,15,KIDS,1699
Graphic Tee,16,MEN,699.99
Pleated Pants,17,WOMEN,1399.5
Sneakers,18,KIDS,1199
Raincoat,19,MEN,2999
Leather Belt,20,WOMEN,799
Beanie Hat,21,KIDS,399
Sports Shorts,22,MEN,899.99
Maxi Dress,23,WOMEN,1999
Flip Flops,24,KIDS,499
34,xyz,8900,KIDS
FROCKS,91,KIDS,8000
Brown T-Shirts,27,WOMEN,2000
,,,
TSHIRTS,101,WOMEN,9000
TSHIRTS,111,WOMEN,4000
FROCKS,91,KIDS,8000
HEELS,92,WOMEN,8000
Shirts,89,MEN,700
wase cuts,78,MEN,9000
KIDS SHOES,56,KIDS,700
